{
    "parent": "item/handheld",
    "textures": {
      "layer0": "item/lead"
    },
    "overrides": [
        { "predicate": {"custom_model_data": 5456}, "model": "item/handcuffs"}
    ],
    "display": {
        "head": {
        "rotation": [
            0,
            0,
            0
        ],
        "translation": [
            2.75,
            -2.75,
            -6.5
        ],
        "scale": [
            0.8,
            0.8,
            0.8
        ]
        }
    }
}