{
	"credit": "Made with Blockbench",
	"textures": {
		"0": "custom/bottom",
		"1": "custom/top",
		"particle": "custom/bottom"
	},
	"elements": [
		{
			"from": [6, 2, 6],
			"to": [8, 4, 7],
			"rotation": {"angle": 0, "axis": "y", "origin": [7, 6.74265, 6.664]},
			"faces": {
				"north": {"uv": [0, 0, 2, 2], "texture": "#0"},
				"east": {"uv": [4, 4, 5, 6], "texture": "#0"},
				"south": {"uv": [0, 2, 2, 4], "texture": "#0"},
				"west": {"uv": [5, 4, 6, 6], "texture": "#0"},
				"up": {"uv": [2, 7, 0, 6], "texture": "#0"},
				"down": {"uv": [8, 0, 6, 1], "texture": "#0"}
			}
		},
		{
			"from": [6, 4, 6],
			"to": [8, 6, 7],
			"rotation": {"angle": 0, "axis": "y", "origin": [7, 6.74265, 6.664]},
			"faces": {
				"north": {"uv": [2, 0, 4, 2], "texture": "#0"},
				"east": {"uv": [6, 1, 7, 3], "texture": "#0"},
				"south": {"uv": [2, 2, 4, 4], "texture": "#0"},
				"west": {"uv": [2, 6, 3, 8], "texture": "#0"},
				"up": {"uv": [5, 7, 3, 6], "texture": "#0"},
				"down": {"uv": [8, 3, 6, 4], "texture": "#0"}
			}
		},
		{
			"from": [6, 0, 6],
			"to": [8, 2, 7],
			"rotation": {"angle": 0, "axis": "y", "origin": [7, 6.74265, 6.664]},
			"faces": {
				"north": {"uv": [0, 4, 2, 6], "texture": "#0"},
				"east": {"uv": [6, 4, 7, 6], "texture": "#0"},
				"south": {"uv": [4, 0, 6, 2], "texture": "#0"},
				"west": {"uv": [5, 6, 6, 8], "texture": "#0"},
				"up": {"uv": [8, 7, 6, 6], "texture": "#0"},
				"down": {"uv": [2, 7, 0, 8], "texture": "#0"}
			}
		},
		{
			"from": [6, 6, 6],
			"to": [8, 8, 7],
			"rotation": {"angle": 0, "axis": "y", "origin": [7, 6.74265, 6.664]},
			"faces": {
				"north": {"uv": [2, 4, 4, 6], "texture": "#0"},
				"east": {"uv": [7, 1, 8, 3], "texture": "#0"},
				"south": {"uv": [4, 2, 6, 4], "texture": "#0"},
				"west": {"uv": [3, 7, 4, 9], "texture": "#0"},
				"up": {"uv": [9, 5, 7, 4], "texture": "#0"},
				"down": {"uv": [9, 5, 7, 6], "texture": "#0"}
			}
		},
		{
			"from": [6.5, 8, 6],
			"to": [7.5, 10, 7],
			"rotation": {"angle": 0, "axis": "y", "origin": [7, 6.74265, 6.664]},
			"faces": {
				"north": {"uv": [0, 0, 1, 2], "texture": "#1"},
				"east": {"uv": [1, 0, 2, 2], "texture": "#1"},
				"south": {"uv": [0, 2, 1, 4], "texture": "#1"},
				"west": {"uv": [2, 0, 3, 2], "texture": "#1"},
				"up": {"uv": [5, 3, 4, 2], "texture": "#1"},
				"down": {"uv": [4, 4, 3, 5], "texture": "#1"}
			}
		},
		{
			"from": [6.5, 9.9, 6],
			"to": [7.5, 11.8, 7],
			"rotation": {"angle": 0, "axis": "y", "origin": [7, 6.74265, 6.664]},
			"faces": {
				"north": {"uv": [1, 2, 2, 4], "texture": "#1"},
				"east": {"uv": [2, 2, 3, 4], "texture": "#1"},
				"south": {"uv": [3, 0, 4, 2], "texture": "#1"},
				"west": {"uv": [3, 2, 4, 4], "texture": "#1"},
				"up": {"uv": [5, 4, 4, 3], "texture": "#1"},
				"down": {"uv": [5, 4, 4, 5], "texture": "#1"}
			}
		},
		{
			"from": [6.5, 11.11093, 4.1179],
			"to": [7.5, 13.11093, 5.1179],
			"rotation": {"angle": 22.5, "axis": "x", "origin": [7, 6.74265, 6.664]},
			"faces": {
				"north": {"uv": [0, 4, 1, 6], "texture": "#1"},
				"east": {"uv": [4, 0, 5, 2], "texture": "#1"},
				"south": {"uv": [1, 4, 2, 6], "texture": "#1"},
				"west": {"uv": [2, 4, 3, 6], "texture": "#1"},
				"up": {"uv": [6, 1, 5, 0], "texture": "#1"},
				"down": {"uv": [6, 1, 5, 2], "texture": "#1"}
			}
		}
	],
	"display": {
		"thirdperson_righthand": {
			"translation": [0.75, 4.25, 2.25],
			"scale": [0.7, 0.7, 0.7]
		},
		"thirdperson_lefthand": {
			"translation": [-0.5, 4.75, 2.5],
			"scale": [0.7, 0.7, 0.7]
		},
		"firstperson_righthand": {
			"rotation": [-21.95, -8.14, -3.29],
			"translation": [1.25, 5.5, 0],
			"scale": [0.7, 0.7, 0.7]
		},
		"firstperson_lefthand": {
			"rotation": [-21, 0, 0],
			"translation": [-0.5, 5.25, 0],
			"scale": [0.7, 0.7, 0.7]
		},
		"ground": {
			"translation": [0, 2, 1.5],
			"scale": [0.7, 0.7, 0.7]
		},
		"gui": {
			"rotation": [0, 57.25, 0],
			"translation": [2.75, 1.25, 0]
		},
		"fixed": {
			"rotation": [180, -67, 180],
			"translation": [-2, 0.75, 0],
			"scale": [0.7, 1, 1]
		}
	},
	"groups": [
		{
			"name": "lockpick",
			"origin": [8, 8, 8],
			"color": 0,
			"children": [
				{
					"name": "base",
					"origin": [0, 0, 0],
					"color": 0,
					"children": [0, 1, 2, 3]
				},
				{
					"name": "top",
					"origin": [0, 0, 0],
					"color": 0,
					"children": [4, 5, 6]
				}
			]
		}
	]
}